{
	"partitions" : [
		{
			"name" : "Top",
			"pins" : [
				{
					"name" : "D50_join[0]",
					"strict" : false
				},
				{
					"name" : "D50_join[1]",
					"strict" : false
				},
				{
					"name" : "D50_join[2]",
					"strict" : false
				},
				{
					"name" : "D50_join[3]",
					"strict" : false
				},
				{
					"name" : "D50_join[4]",
					"strict" : false
				},
				{
					"name" : "D50_join[5]",
					"strict" : false
				},
				{
					"name" : "D50_join[6]",
					"strict" : false
				},
				{
					"name" : "D50_join[7]",
					"strict" : false
				},
				{
					"name" : "D50_join[8]",
					"strict" : false
				},
				{
					"name" : "D50_join[9]",
					"strict" : false
				},
				{
					"name" : "D50_join[10]",
					"strict" : false
				},
				{
					"name" : "D50_join[11]",
					"strict" : false
				},
				{
					"name" : "D50_join[12]",
					"strict" : false
				},
				{
					"name" : "D50_join[13]",
					"strict" : false
				},
				{
					"name" : "D50_join[14]",
					"strict" : false
				},
				{
					"name" : "D50_join[15]",
					"strict" : false
				},
				{
					"name" : "D53_join[0]",
					"strict" : false
				},
				{
					"name" : "D53_join[1]",
					"strict" : false
				},
				{
					"name" : "D53_join[2]",
					"strict" : false
				},
				{
					"name" : "D53_join[3]",
					"strict" : false
				},
				{
					"name" : "D53_join[4]",
					"strict" : false
				},
				{
					"name" : "D53_join[5]",
					"strict" : false
				},
				{
					"name" : "D53_join[6]",
					"strict" : false
				},
				{
					"name" : "D53_join[7]",
					"strict" : false
				},
				{
					"name" : "D53_join[8]",
					"strict" : false
				},
				{
					"name" : "D53_join[9]",
					"strict" : false
				},
				{
					"name" : "D53_join[10]",
					"strict" : false
				},
				{
					"name" : "D53_join[11]",
					"strict" : false
				},
				{
					"name" : "D53_join[12]",
					"strict" : false
				},
				{
					"name" : "D53_join[13]",
					"strict" : false
				},
				{
					"name" : "D53_join[14]",
					"strict" : false
				},
				{
					"name" : "D53_join[15]",
					"strict" : false
				},
				{
					"name" : "D54_join[0]",
					"strict" : false
				},
				{
					"name" : "D54_join[1]",
					"strict" : false
				},
				{
					"name" : "D54_join[2]",
					"strict" : false
				},
				{
					"name" : "D54_join[3]",
					"strict" : false
				},
				{
					"name" : "D54_join[4]",
					"strict" : false
				},
				{
					"name" : "D54_join[5]",
					"strict" : false
				},
				{
					"name" : "D54_join[6]",
					"strict" : false
				},
				{
					"name" : "D54_join[7]",
					"strict" : false
				},
				{
					"name" : "D54_join[8]",
					"strict" : false
				},
				{
					"name" : "D54_join[9]",
					"strict" : false
				},
				{
					"name" : "D54_join[10]",
					"strict" : false
				},
				{
					"name" : "D54_join[11]",
					"strict" : false
				},
				{
					"name" : "D54_join[12]",
					"strict" : false
				},
				{
					"name" : "D54_join[13]",
					"strict" : false
				},
				{
					"name" : "D54_join[14]",
					"strict" : false
				},
				{
					"name" : "D54_join[15]",
					"strict" : false
				},
				{
					"name" : "D57_join[0]",
					"strict" : false
				},
				{
					"name" : "D57_join[1]",
					"strict" : false
				},
				{
					"name" : "D57_join[2]",
					"strict" : false
				},
				{
					"name" : "D57_join[3]",
					"strict" : false
				},
				{
					"name" : "D57_join[4]",
					"strict" : false
				},
				{
					"name" : "D57_join[5]",
					"strict" : false
				},
				{
					"name" : "D57_join[6]",
					"strict" : false
				},
				{
					"name" : "D57_join[7]",
					"strict" : false
				},
				{
					"name" : "D57_join[8]",
					"strict" : false
				},
				{
					"name" : "D57_join[9]",
					"strict" : false
				},
				{
					"name" : "D57_join[10]",
					"strict" : false
				},
				{
					"name" : "D57_join[11]",
					"strict" : false
				},
				{
					"name" : "D57_join[12]",
					"strict" : false
				},
				{
					"name" : "D57_join[13]",
					"strict" : false
				},
				{
					"name" : "D57_join[14]",
					"strict" : false
				},
				{
					"name" : "D57_join[15]",
					"strict" : false
				},
				{
					"name" : "clk",
					"strict" : false
				},
				{
					"name" : "reset",
					"strict" : false
				}
			]
		}
	]
}